time,relative_humidity_2m_mean (%),precipitation_sum (mm),temperature_2m_max (°C),temperature_2m_mean (°C),temperature_2m_min (°C)
2025-01-01T00:00,83,0,22.9,18.2,14.4
2025-01-02T00:00,85,0,21.9,17.3,13.5
2025-01-03T00:00,83,0,21.7,17.2,13.2
2025-01-04T00:00,83,0,23.4,18.6,14.9
2025-01-05T00:00,82,0,26.4,20,14.5
2025-01-06T00:00,79,0,28.1,21,15.4
2025-01-07T00:00,75,0,26.3,21,16.1
2025-01-08T00:00,81,0,22.3,19.1,16.3
2025-01-09T00:00,78,0,22.4,17.3,13.1
2025-01-10T00:00,76,0,23.4,17.8,13.1
2025-01-11T00:00,72,0,26.3,19.4,13.9
2025-01-12T00:00,69,0,28.1,20.5,14.5
2025-01-13T00:00,72,0,27.1,20.8,15.3
2025-01-14T00:00,72,0,25.5,20.2,15.4
2025-01-15T00:00,71,0,26,20,14.9
2025-01-16T00:00,76,0,26.6,20.4,15.2
2025-01-17T00:00,73,0,26.4,20.3,14.7
2025-01-18T00:00,74,0,26,20.2,15.6
2025-01-19T00:00,67,0,26,19.7,14.6
2025-01-20T00:00,72,0,24.8,19,13.9
2025-01-21T00:00,77,0,24.3,18.9,14.1
2025-01-22T00:00,79,0,24.8,19.3,14.3
2025-01-23T00:00,82,0,23.4,18.4,14.3
2025-01-24T00:00,84,0,22.5,17.5,13.6
2025-01-25T00:00,77,0,24.1,19.1,15.6
2025-01-26T00:00,72,0,24.2,18.5,13.2
2025-01-27T00:00,75,0,24.5,18.8,13.7
2025-01-28T00:00,69,0,25.2,19.7,14.8
2025-01-29T00:00,66,0,26,20,14.8
2025-01-30T00:00,79,0.1,26.4,20.7,15.2
2025-01-31T00:00,85,1.7,27.3,22.8,19.9
2025-02-01T00:00,82,0,27.3,23.1,19.8
2025-02-02T00:00,81,0,26.8,22.8,19.4
2025-02-03T00:00,72,0,27.4,22.3,17.7
2025-02-04T00:00,68,0,26.4,20.8,15.1
2025-02-05T00:00,73,0,27.5,21.3,15.8
2025-02-06T00:00,71,0,29.4,22.7,17.1
2025-02-07T00:00,56,0,27.1,21.2,16.1
2025-02-08T00:00,59,0,26.9,20.1,14.1
2025-02-09T00:00,57,0,26.8,20.2,14.6
2025-02-10T00:00,61,0,28.6,21.3,14.4
2025-02-11T00:00,76,0,27.7,22.2,16.6
2025-02-12T00:00,78,0.2,28.9,23.7,19.7
2025-02-13T00:00,75,0.1,29.6,24.8,20.8
2025-02-14T00:00,55,0,27.4,22.7,18
2025-02-15T00:00,57,0,28.7,21.8,15.1
2025-02-16T00:00,64,0,30.3,23,16.1
2025-02-17T00:00,71,0.1,29.9,24.1,18.4
2025-02-18T00:00,74,2.4,29.6,24.4,20.3
2025-02-19T00:00,73,0.5,30,24.6,20.3
2025-02-20T00:00,69,0,31.3,24.4,19
2025-02-21T00:00,68,0,31,24.8,19.4
2025-02-22T00:00,67,0,31.4,25.2,19.4
2025-02-23T00:00,71,0.7,29.4,24,20.2
2025-02-24T00:00,66,0,30.3,23.7,17.9
2025-02-25T00:00,60,0,30.6,24,18.4
2025-02-26T00:00,59,0,29.9,23.4,17.4
2025-02-27T00:00,59,0,30.3,23.6,17.1
2025-02-28T00:00,63,0,30.3,24.6,19.3
2025-03-01T00:00,68,0,32.2,26,19.8
2025-03-02T00:00,68,0,33.6,27.3,22.6
2025-03-03T00:00,62,0.1,33.1,27.5,23.4
2025-03-04T00:00,45,0,32.4,26.3,21.1
2025-03-05T00:00,48,0,32,26,21.1
2025-03-06T00:00,49,0,30.8,24.4,18.6
2025-03-07T00:00,51,0,30.4,23.4,17.2
2025-03-08T00:00,52,0,31.8,25,17.8
2025-03-09T00:00,64,0,32,26.5,21.1
2025-03-10T00:00,59,0,33.3,27.5,22
2025-03-11T00:00,58,0,34,27.5,21.8
2025-03-12T00:00,55,0,34.4,28.1,22.2
2025-03-13T00:00,71,0,35,28.1,23.2
2025-03-14T00:00,72,0.6,34.5,29,25
2025-03-15T00:00,74,0,33.8,28.9,24.7
2025-03-16T00:00,73,0.1,35.7,29.5,25
2025-03-17T00:00,70,0.2,34.8,29.2,24.9
2025-03-18T00:00,61,0,34.1,28.9,24.8
2025-03-19T00:00,53,0,35.7,28.8,22
2025-03-20T00:00,76,1.6,31.4,27.8,25.3
2025-03-21T00:00,70,0.5,28.4,25.7,24
2025-03-22T00:00,69,0.6,28.8,24.9,21.9
2025-03-23T00:00,66,0.1,30.7,25.5,21
2025-03-24T00:00,57,0,32.9,26.3,20.5
2025-03-25T00:00,54,0,33.7,26.8,20.4
2025-03-26T00:00,53,0,34.5,27.9,21
2025-03-27T00:00,60,0,35.1,29.4,24.8
2025-03-28T00:00,67,0,37.2,30.4,24.8
2025-03-29T00:00,66,0,38.3,30.7,25
2025-03-30T00:00,67,0,36.6,30.2,24.7
2025-03-31T00:00,67,0,34.7,30.5,26.5
2025-04-01T00:00,70,0,34.5,29.6,25.3
2025-04-02T00:00,70,0,34.4,29.3,24.7
2025-04-03T00:00,69,0,35.1,30.3,25.6
2025-04-04T00:00,68,0.1,34.7,30.1,25.8
2025-04-05T00:00,68,0.4,35.1,30.3,26.1
2025-04-06T00:00,69,0.2,35,29.5,25.6
2025-04-07T00:00,60,1.6,36,29.4,23.2
2025-04-08T00:00,65,0,34.8,29.8,25
2025-04-09T00:00,63,0,34.8,29.7,24.6
2025-04-10T00:00,66,1.1,33.6,29.1,25.2
2025-04-11T00:00,66,0,33.7,28.3,23.5
2025-04-12T00:00,71,0.5,33.8,29.3,24.8
2025-04-13T00:00,69,3.1,34.1,29.7,24.9
2025-04-14T00:00,64,0.1,35.1,30.3,25.2
2025-04-15T00:00,67,2.2,33.6,29.1,24.4
2025-04-16T00:00,77,16.8,32.3,27.4,24.3
2025-04-17T00:00,80,6.2,32.1,26.3,22.9
2025-04-18T00:00,80,1.9,31.8,26.7,23.1
2025-04-19T00:00,81,12,31.3,27,23.9
2025-04-20T00:00,78,1.6,32.9,28.4,24.4
2025-04-21T00:00,82,11.8,32.4,28.9,25.5
2025-04-22T00:00,79,0.3,34.9,30,27
2025-04-23T00:00,75,0.1,36.1,31.1,27.7
2025-04-24T00:00,75,0,35.5,30.9,27.8
2025-04-25T00:00,76,1.1,34.6,30.7,28
2025-04-26T00:00,73,0,35.8,30.8,27.7
2025-04-27T00:00,73,0.5,33.7,30.2,27.3
2025-04-28T00:00,83,30.8,29.3,27.1,25
2025-04-29T00:00,72,0.9,32.4,26.7,22.4
2025-04-30T00:00,72,7.8,32.7,27.4,22.7
2025-05-01T00:00,69,1.1,34.7,28.3,23.8
2025-05-02T00:00,70,0.5,32.5,27.9,22.9
2025-05-03T00:00,70,1,32.9,28.5,23.5
2025-05-04T00:00,74,0,33.1,28.5,24.6
2025-05-05T00:00,73,1,33.9,29,24.8
2025-05-06T00:00,77,2.9,33.1,29,25.5
2025-05-07T00:00,73,0.6,33.9,29.5,24.9
2025-05-08T00:00,67,0,36,31.4,26.6
2025-05-09T00:00,68,0,36.7,32,27.2
2025-05-10T00:00,63,0,38.7,33,28.2
2025-05-11T00:00,70,5.2,37,32.4,28.8
2025-05-12T00:00,75,20.2,34.5,29.5,26
2025-05-13T00:00,80,45.8,34.9,29,26
2025-05-14T00:00,71,4.9,37,31.6,27.5
2025-05-15T00:00,76,1,34.5,30.8,28
2025-05-16T00:00,77,7.1,34.8,30.6,27.2
2025-05-17T00:00,76,3.3,34.5,30.2,26.6
2025-05-18T00:00,78,2.5,32.6,29.4,26
2025-05-19T00:00,83,9,33,28.4,25.8
2025-05-20T00:00,85,15,32.8,28.3,25.7
2025-05-21T00:00,85,11.1,32.7,28.5,26
2025-05-22T00:00,82,4.5,32.5,28.7,26.2
2025-05-23T00:00,81,3.2,33,29,26
2025-05-24T00:00,84,5.4,32,28.7,26.3
2025-05-25T00:00,79,1.8,33.5,29.7,26.5
2025-05-26T00:00,79,6,34,30.1,27.1
2025-05-27T00:00,76,3.7,35.2,30.4,26.5
2025-05-28T00:00,78,13.4,32.2,29.4,27.6
2025-05-29T00:00,88,54.1,28.2,26.9,25.9
2025-05-30T00:00,92,50.5,28.5,27.2,25.8
2025-05-31T00:00,89,34.8,33.5,28.9,26.9
2025-06-01T00:00,91,37.8,31.2,28.5,26.9
2025-06-02T00:00,88,16.4,31.1,28.6,26.8
2025-06-03T00:00,84,3.4,33.1,29,25.9
2025-06-04T00:00,91,25.1,29.2,27.1,25.5
2025-06-05T00:00,84,2.3,32.4,28.4,25.3
2025-06-06T00:00,85,9.9,32.9,28.6,25.6
2025-06-07T00:00,83,1.4,33.7,29.2,26.3
2025-06-08T00:00,79,0.4,34.5,30.1,26.6
2025-06-09T00:00,78,0.8,34.8,30.7,27
2025-06-10T00:00,79,0.9,35.3,31,27.7
2025-06-11T00:00,80,1.5,34.1,30.2,26.9
2025-06-12T00:00,78,1.8,34.1,30.5,27.3
2025-06-13T00:00,76,0.3,34.5,31.1,27.5
2025-06-14T00:00,84,6.3,34.1,30.3,28
2025-06-15T00:00,86,9.6,31.9,29.1,27.3
2025-06-16T00:00,85,10.8,31.7,28.8,26.7
2025-06-17T00:00,92,18.9,29.1,27.2,26.3
2025-06-18T00:00,92,55.9,28.8,27.1,26.1
2025-06-19T00:00,87,9.2,30.8,27.9,26.4
2025-06-20T00:00,90,25.5,31,27.8,26.2
2025-06-21T00:00,88,10.5,32.8,28.7,26.3
2025-06-22T00:00,86,8.2,32.6,29.1,26.6
2025-06-23T00:00,84,6.4,32.1,29,26.6
2025-06-24T00:00,82,2.8,33.1,29.4,26.6
2025-06-25T00:00,83,8.8,31.7,29,26.9
2025-06-26T00:00,82,5.4,32.2,29.1,26.7
2025-06-27T00:00,87,8.9,30.4,28.3,26.4
2025-06-28T00:00,85,7.7,32.2,28.6,26.5
2025-06-29T00:00,84,8.8,32.4,28.7,26.2
2025-06-30T00:00,83,7.2,32.5,28.8,26.5
2025-07-01T00:00,84,5.8,32.2,28.7,26.6
2025-07-02T00:00,85,5.9,31.6,28.5,26.5
2025-07-03T00:00,86,9.7,31.1,28.2,26.5
2025-07-04T00:00,90,18.1,31.1,27.6,26.3
2025-07-05T00:00,87,11.4,31.6,28,25.9
2025-07-06T00:00,88,7.6,29.9,27.8,26.3
2025-07-07T00:00,91,10.7,28.4,26.8,25.9
2025-07-08T00:00,95,38.7,27.6,26.3,25.6
2025-07-09T00:00,95,49,26.8,26.2,25.6
2025-07-10T00:00,94,17.2,27.8,26.5,25.5
2025-07-11T00:00,86,2.1,31.9,28.5,25.7
2025-07-12T00:00,79,1.3,35,30.6,27
2025-07-13T00:00,86,22.9,34,29.2,27
2025-07-14T00:00,89,10,29.3,27.2,26.3
2025-07-15T00:00,90,22.7,30.4,27.8,26.1
2025-07-16T00:00,89,8.6,32.3,28.6,26.5
2025-07-17T00:00,89,9.6,31.1,28.4,26.3
2025-07-18T00:00,85,2.9,32.6,29.5,26.8
2025-07-19T00:00,82,2,33.4,29.7,26.9
2025-07-20T00:00,86,7.1,31.6,29.5,27.8
2025-07-21T00:00,85,10.6,33.2,29.8,26.9
2025-07-22T00:00,84,6.7,33.3,29.9,27.5
2025-07-23T00:00,84,17.5,34.8,30.4,27.4
2025-07-24T00:00,88,31,31.5,29.3,27.7
2025-07-25T00:00,82,9.6,32,28.9,27.1
2025-07-26T00:00,86,7.1,31.5,28.4,26.5
2025-07-27T00:00,85,13.5,33.1,29.2,26.8
2025-07-28T00:00,92,27.9,30.1,28,26.8
2025-07-29T00:00,91,20.2,30.8,27.7,26.2
2025-07-30T00:00,89,9.1,30.5,27.7,26.1
2025-07-31T00:00,92,23.2,29.5,27.2,26.1
2025-08-01T00:00,90,12.6,31.7,28,26.1
2025-08-02T00:00,90,20,32,28.4,26.5
2025-08-03T00:00,88,16.7,32.9,28.9,26.7
2025-08-04T00:00,91,13.2,29.8,28.2,26.8
2025-08-05T00:00,92,25.9,30.3,27.5,26.2
2025-08-06T00:00,89,8.1,31,27.8,25.7
2025-08-07T00:00,88,13.5,30.3,27.9,26.2
2025-08-08T00:00,92,16.4,28.3,26.9,25.9
2025-08-09T00:00,87,9.9,31.7,27.9,25.4
2025-08-10T00:00,80,2.3,33.4,29.4,26
2025-08-11T00:00,77,0,35,30.4,27.1
2025-08-12T00:00,81,2.2,33.9,30.2,27.6
2025-08-13T00:00,88,8.6,30.1,28.6,27.2
2025-08-14T00:00,88,5.4,31.6,28.3,26.4
2025-08-15T00:00,83,2.2,33,29.2,26.1
2025-08-16T00:00,84,6.6,32.7,29.5,26.7
2025-08-17T00:00,87,19.3,31.5,28.8,26.1
2025-08-18T00:00,79,0.6,33.9,29.8,27.2
2025-08-19T00:00,83,5.8,31.9,28.7,26.5
2025-08-20T00:00,88,12.2,30.1,27.8,26.2
2025-08-21T00:00,91,22.9,29.3,27.3,25.9
2025-08-22T00:00,90,10.4,29.3,27,25.2
2025-08-23T00:00,92,15,28.5,26.9,25.9
2025-08-24T00:00,89,10.5,29.9,27.4,25.4
2025-08-25T00:00,80,0,33.3,29.2,25.9
2025-08-26T00:00,78,0.3,34.2,30,26.4
2025-08-27T00:00,79,0.8,33.8,29.6,27
2025-08-28T00:00,85,5.2,31.7,28.3,26.4
2025-08-29T00:00,84,5.9,32.6,28.6,26.2
2025-08-30T00:00,86,5.3,32.1,28.7,26.1
2025-08-31T00:00,86,8.7,32.5,29.3,26.9
2025-09-01T00:00,79,6.2,35.7,30.9,27.3
2025-09-02T00:00,81,17.5,33.6,29.4,26.9
2025-09-03T00:00,78,0.7,33.6,29.6,26.9
2025-09-04T00:00,82,5.1,33,29.2,26.4
2025-09-05T00:00,80,0.4,34.2,29.8,26.8
2025-09-06T00:00,79,1.7,34.1,30.3,27.3
2025-09-07T00:00,82,7.7,32.2,29.5,27
2025-09-08T00:00,83,9.1,34,29.7,26.9
2025-09-09T00:00,81,1.3,33.6,30.2,27.5
2025-09-10T00:00,80,17.1,34.2,29.8,26.7
2025-09-11T00:00,83,19.8,33.9,29.5,26.9
2025-09-12T00:00,88,12.8,30.4,28.5,26.7
2025-09-13T00:00,84,8.7,33,28.9,26.4
2025-09-14T00:00,94,11.4,28,26.8,26
2025-09-15T00:00,93,31.7,29.4,26.9,25.4
2025-09-16T00:00,93,8.5,28.5,26.4,25.3
2025-09-17T00:00,87,6,32.4,28,25.5
2025-09-18T00:00,86,7.9,32.6,28.6,25.6
2025-09-19T00:00,87,20,32.2,28.7,26.4
2025-09-20T00:00,86,16.7,32.2,28.7,26
2025-09-21T00:00,86,3.9,33.1,29.3,26.4
2025-09-22T00:00,92,22.9,28.6,27.6,26.4
2025-09-23T00:00,83,0,32.5,28.7,26
2025-09-24T00:00,82,1.3,33.9,29.5,26.3
2025-09-25T00:00,83,5.8,33.1,29.6,26.6
2025-09-26T00:00,81,13,33.4,29.8,26.7
2025-09-27T00:00,80,1.9,33.7,29.7,27
2025-09-28T00:00,85,5.8,32.6,29.3,26.6
2025-09-29T00:00,86,5.1,32.8,29.5,26.7
2025-09-30T00:00,83,4.3,34.8,30.4,27.4
2025-10-01T00:00,88,25.6,29.9,27.6,25.8
2025-10-02T00:00,92,16,27.4,26.5,25.7
2025-10-03T00:00,88,12.5,31.2,27.6,25.4
2025-10-04T00:00,88,11.1,32.3,28.1,26.1
2025-10-05T00:00,88,13.6,31.5,27.7,25.9
2025-10-06T00:00,87,8.8,31,27.2,25
2025-10-07T00:00,87,7.7,31.2,27.3,25.1
2025-10-08T00:00,89,7.9,31.1,27.4,24.9
2025-10-09T00:00,87,5,30.9,27.6,25.2
2025-10-10T00:00,88,18.3,31.8,27.6,25.6
2025-10-11T00:00,92,10.4,28.9,26.6,24.9
2025-10-12T00:00,83,0,31.4,27.3,24.1
2025-10-13T00:00,76,0,31.4,27.9,25.1
2025-10-14T00:00,78,0,32.1,27.6,23.9
2025-10-15T00:00,79,0,32.1,27.6,24
2025-10-16T00:00,79,0.1,32.8,28.4,24.3
2025-10-17T00:00,77,0,33.7,29,25
2025-10-18T00:00,79,0.4,33.2,29.3,26
2025-10-19T00:00,78,0,32.9,29,25.8
2025-10-20T00:00,75,0,33.4,28.6,24.2
2025-10-21T00:00,76,0,33.2,28.2,24.2
2025-10-22T00:00,76,0,32.9,28.2,24.1
2025-10-23T00:00,76,0.4,33.5,28.6,24.8
2025-10-24T00:00,74,0,33.4,28.4,24.8
2025-10-25T00:00,76,0,32.9,28.3,25.3
2025-10-26T00:00,77,0,32.4,28.3,24.9
2025-10-27T00:00,77,0,32.8,28.4,25.3
2025-10-28T00:00,80,0.1,32.2,28.4,24.6
2025-10-29T00:00,81,1.7,32.8,28.5,25.3
2025-10-30T00:00,87,16.7,31.4,27.4,25
2025-10-31T00:00,83,4.3,32.3,28.1,25.1
2025-11-01T00:00,87,5.3,31.3,27.6,25.8
2025-11-02T00:00,87,3.5,29.7,26.4,24.3
2025-11-03T00:00,84,0,29.5,25.5,22.8
2025-11-04T00:00,85,0,30.1,25.9,22.4
2025-11-05T00:00,86,1.2,29.8,26.7,24.6
2025-11-06T00:00,86,1.3,30.3,26.8,24
2025-11-07T00:00,82,0.1,30.8,26.9,23.9
2025-11-08T00:00,78,0,30.1,25.2,21.9
2025-11-09T00:00,76,0,29.5,24.3,19.9
2025-11-10T00:00,78,0,29.3,24.8,21.1
2025-11-11T00:00,75,0,29.2,23.6,19.2
2025-11-12T00:00,76,0,28.5,22.6,17.4
2025-11-13T00:00,77,0,28.7,22.6,17.8
2025-11-14T00:00,74,0,28.3,22.4,18
2025-11-15T00:00,76,0,28.4,22.5,18.3
2025-11-16T00:00,74,0,27.8,22.4,18
2025-11-17T00:00,78,0,29,22.8,18.8
2025-11-18T00:00,78,0,29.8,23,18.2
2025-11-19T00:00,68,0,30.2,23.6,18.7
2025-11-20T00:00,70,0,29,23.2,19.2
2025-11-21T00:00,76,0,27.9,22.1,16.8
2025-11-22T00:00,75,0,28.3,22.1,16.8
2025-11-23T00:00,79,0,27.7,22,17.4
2025-11-24T00:00,72,0,27.5,21.9,18
2025-11-25T00:00,77,0,27.7,21.3,16
2025-11-26T00:00,77,0,27.8,21.5,16.6
2025-11-27T00:00,76,0,28.9,22.1,17.3
2025-11-28T00:00,74,0,28.9,21.7,16
2025-11-29T00:00,76,0,27.5,21.1,15.7
2025-11-30T00:00,78,0,27.2,21.1,14.9
2025-12-01T00:00,75,0,27,21.7,17.2
2025-12-02T00:00,78,0,26,21.1,17.1
2025-12-03T00:00,75,0,25.4,20.2,16.2
2025-12-04T00:00,79,0,26.1,19.6,13.9
2025-12-05T00:00,79,0,26.7,20.1,15.1
2025-12-06T00:00,75,0,26,19.7,14.9
2025-12-07T00:00,74,0,25.8,19.6,14.3
2025-12-08T00:00,77,0,25.4,19.7,14.4
2025-12-09T00:00,77,0,25.8,20,14.4
2025-12-10T00:00,79,0,25.9,19.6,13.9
2025-12-11T00:00,77,0,25.8,19.1,13.5
2025-12-12T00:00,78,0,26.1,19.2,13.8
2025-12-13T00:00,75,0,27.7,20.3,15.3
2025-12-14T00:00,74,0,27.8,20.6,15.8
2025-12-15T00:00,75,0,26.6,20,15.1
2025-12-16T00:00,75,0,25.6,19.2,13.7
2025-12-17T00:00,78,0,26.3,19.9,14.4
2025-12-18T00:00,79,0,27.4,20.6,15.7
2025-12-19T00:00,78,0,26.7,21.1,16
2025-12-20T00:00,84,0.3,24.4,20.2,17.3
2025-12-21T00:00,89,0,23.8,19.1,15.4
2025-12-22T00:00,87,0,23.8,18.7,14.7
2025-12-23T00:00,85,0,23.6,18.7,14.9
2025-12-24T00:00,88,0,22.1,17.4,14.4
2025-12-25T00:00,89,0,19.8,15.9,12.6
2025-12-26T00:00,89,0,20.6,15.8,11.6
2025-12-27T00:00,90,0,20.8,16.1,12.4
2025-12-28T00:00,93,0,18.6,15.5,12.9
2025-12-29T00:00,90,0,17.4,15.7,14.4
2025-12-30T00:00,86,0,16.5,14.9,13.7
2025-12-31T00:00,90,0,17.6,14.4,11.6
2026-01-01T00:00,88,0,20.6,15.5,11.2
2026-01-02T00:00,87,0,20.8,15.8,11.9
2026-01-03T00:00,89,0,20.1,15.6,11.7
2026-01-04T00:00,90,0,19.6,15,11.5
2026-01-05T00:00,89,0,17.9,14.4,11.4
2026-01-06T00:00,86,0,18.3,14.6,11.6
2026-01-07T00:00,88,0,19.8,14.5,10.1
2026-01-08T00:00,86,0,21.3,15.5,11.1
2026-01-09T00:00,85,0,23,16.6,11.5
2026-01-10T00:00,83,0,22.1,16.7,12.3
2026-01-11T00:00,82,0,23.8,17.5,13
2026-01-12T00:00,79,0,24.8,17.8,12.2
2026-01-13T00:00,78,0,24.9,18.3,13.3
2026-01-14T00:00,81,0,24.3,17.9,12.9
2026-01-15T00:00,80,0,23.7,17.9,13.1
2026-01-16T00:00,78,0,24.7,18.4,13.5
2026-01-17T00:00,74,0,25.7,19.1,14.4
2026-01-18T00:00,77,0,25.4,18.8,13.7
2026-01-19T00:00,78,0,25.8,19.3,14
2026-01-20T00:00,77,0,26.2,19.8,14.5
2026-01-21T00:00,79,0,25.6,19.6,14.7